<?xml version="1.0" encoding="UTF-8"?><office:document-content xmlns:office="urn:oasis:names:tc:opendocument:xmlns:office:1.0" xmlns:style="urn:oasis:names:tc:opendocument:xmlns:style:1.0" xmlns:text="urn:oasis:names:tc:opendocument:xmlns:text:1.0" xmlns:table="urn:oasis:names:tc:opendocument:xmlns:table:1.0" xmlns:draw="urn:oasis:names:tc:opendocument:xmlns:drawing:1.0" xmlns:fo="urn:oasis:names:tc:opendocument:xmlns:xsl-fo-compatible:1.0" xmlns:xlink="http://www.w3.org/1999/xlink" xmlns:dc="http://purl.org/dc/elements/1.1/" xmlns:meta="urn:oasis:names:tc:opendocument:xmlns:meta:1.0" xmlns:number="urn:oasis:names:tc:opendocument:xmlns:datastyle:1.0" xmlns:presentation="urn:oasis:names:tc:opendocument:xmlns:presentation:1.0" xmlns:svg="urn:oasis:names:tc:opendocument:xmlns:svg-compatible:1.0" xmlns:chart="urn:oasis:names:tc:opendocument:xmlns:chart:1.0" xmlns:dr3d="urn:oasis:names:tc:opendocument:xmlns:dr3d:1.0" xmlns:math="http://www.w3.org/1998/Math/MathML" xmlns:form="urn:oasis:names:tc:opendocument:xmlns:form:1.0" xmlns:script="urn:oasis:names:tc:opendocument:xmlns:script:1.0" xmlns:ooo="http://openoffice.org/2004/office" xmlns:ooow="http://openoffice.org/2004/writer" xmlns:oooc="http://openoffice.org/2004/calc" xmlns:dom="http://www.w3.org/2001/xml-events" xmlns:xforms="http://www.w3.org/2002/xforms" xmlns:xsd="http://www.w3.org/2001/XMLSchema" xmlns:xsi="http://www.w3.org/2001/XMLSchema-instance" xmlns:rpt="http://openoffice.org/2005/report" xmlns:of="urn:oasis:names:tc:opendocument:xmlns:of:1.2" xmlns:xhtml="http://www.w3.org/1999/xhtml" xmlns:grddl="http://www.w3.org/2003/g/data-view#" xmlns:tableooo="http://openoffice.org/2009/table" xmlns:field="urn:openoffice:names:experimental:ooo-ms-interop:xmlns:field:1.0" office:version="1.2">

<office:scripts/><office:font-face-decls><style:font-face style:name="Arial1" svg:font-family="Arial" style:font-adornments="Regular" style:font-family-generic="swiss"/><style:font-face style:name="Arial" svg:font-family="Arial" style:font-family-generic="swiss" style:font-pitch="variable"/><style:font-face style:name="Arial Unicode MS" svg:font-family="'Arial Unicode MS'" style:font-family-generic="system" style:font-pitch="variable"/><style:font-face style:name="Lucida Sans" svg:font-family="'Lucida Sans'" style:font-family-generic="system" style:font-pitch="variable"/><style:font-face style:name="Tahoma" svg:font-family="Tahoma" style:font-family-generic="system" style:font-pitch="variable"/><style:font-face style:name="돋움" svg:font-family="돋움" style:font-family-generic="system" style:font-pitch="variable"/></office:font-face-decls>

<office:automatic-styles><style:style style:name="co1" style:family="table-column"><style:table-column-properties fo:break-before="auto" style:column-width="0.8925in"/></style:style><style:style style:name="ro1" style:family="table-row"><style:table-row-properties style:row-height="0.2783in" fo:break-before="auto" style:use-optimal-row-height="true"/></style:style><style:style style:name="ro2" style:family="table-row"><style:table-row-properties style:row-height="0.1783in" fo:break-before="auto" style:use-optimal-row-height="true"/></style:style><style:style style:name="ta1" style:family="table" style:master-page-name="Default"><style:table-properties table:display="true" style:writing-mode="lr-tb"/></style:style><number:date-style style:name="N37" number:automatic-order="true"><number:month number:style="long"/><number:text>/</number:text><number:day number:style="long"/><number:text>/</number:text><number:year/></number:date-style><number:currency-style style:name="N104P0" style:volatile="true"><number:currency-symbol number:language="en" number:country="US">$</number:currency-symbol><number:number number:decimal-places="2" number:min-integer-digits="1" number:grouping="true"/></number:currency-style><number:currency-style style:name="N104"><style:text-properties fo:color="#ff0000"/><number:text>-</number:text><number:currency-symbol number:language="en" number:country="US">$</number:currency-symbol><number:number number:decimal-places="2" number:min-integer-digits="1" number:grouping="true"/><style:map style:condition="value()&gt;=0" style:apply-style-name="N104P0"/></number:currency-style><style:style style:name="ce1" style:family="table-cell" style:parent-style-name="Default"><style:table-cell-properties style:text-align-source="fix" style:repeat-content="false"/><style:paragraph-properties fo:text-align="center" fo:margin-left="0in"/><style:text-properties fo:font-size="16pt" style:text-underline-style="solid" style:text-underline-width="auto" style:text-underline-color="font-color" style:font-size-asian="16pt" style:font-size-complex="16pt"/></style:style><style:style style:name="ce2" style:family="table-cell" style:parent-style-name="Default"><style:table-cell-properties fo:background-color="#000000" style:text-align-source="fix" style:repeat-content="false" fo:border="0.0008in solid #000000"/><style:paragraph-properties fo:text-align="center" fo:margin-left="0in"/></style:style><style:style style:name="ce3" style:family="table-cell" style:parent-style-name="Default"><style:table-cell-properties fo:background-color="#004586" style:text-align-source="fix" style:repeat-content="false" fo:border="0.0008in solid #000000"/><style:paragraph-properties fo:text-align="center" fo:margin-left="0in"/></style:style><style:style style:name="ce4" style:family="table-cell" style:parent-style-name="Default" style:data-style-name="N104"><style:table-cell-properties style:text-align-source="fix" style:repeat-content="false" fo:border="0.0008in solid #000000"/><style:paragraph-properties fo:text-align="center" fo:margin-left="0in"/></style:style><style:style style:name="ce5" style:family="table-cell" style:parent-style-name="Default"><style:table-cell-properties style:text-align-source="fix" style:repeat-content="false" fo:border="0.0008in solid #000000"/><style:paragraph-properties fo:text-align="center" fo:margin-left="0in"/></style:style><style:style style:name="ce6" style:family="table-cell" style:parent-style-name="Default"><style:table-cell-properties style:text-align-source="fix" style:repeat-content="false" fo:wrap-option="no-wrap"/><style:paragraph-properties fo:text-align="center" fo:margin-left="0in"/><style:text-properties fo:font-size="16pt" style:text-underline-style="solid" style:text-underline-width="auto" style:text-underline-color="font-color" style:font-size-asian="16pt" style:font-size-complex="16pt"/></style:style><style:style style:name="ce7" style:family="table-cell" style:parent-style-name="Default"><style:table-cell-properties style:text-align-source="fix" style:repeat-content="false"/><style:paragraph-properties fo:text-align="center" fo:margin-left="0in"/></style:style><style:style style:name="ce8" style:family="table-cell" style:parent-style-name="Default"><style:table-cell-properties fo:background-color="#000000" style:text-align-source="fix" style:repeat-content="false"/><style:paragraph-properties fo:text-align="center" fo:margin-left="0in"/><style:text-properties fo:color="#ffffff"/></style:style><style:style style:name="ce9" style:family="table-cell" style:parent-style-name="Default" style:data-style-name="N37"><style:table-cell-properties style:text-align-source="fix" style:repeat-content="false" fo:border="0.0008in solid #000000"/><style:paragraph-properties fo:text-align="center" fo:margin-left="0in"/></style:style><style:style style:name="ce10" style:family="table-cell" style:parent-style-name="Default"><style:table-cell-properties style:text-align-source="fix" style:repeat-content="false" fo:wrap-option="no-wrap"/><style:paragraph-properties fo:text-align="center" fo:margin-left="0in"/></style:style><style:style style:name="ce11" style:family="table-cell" style:parent-style-name="Default"><style:table-cell-properties style:text-align-source="fix" style:repeat-content="false" fo:border="0.0008in solid #000000"/><style:paragraph-properties fo:text-align="center" fo:margin-left="0in"/><style:text-properties style:font-name="Arial1" style:font-name-asian="Arial1" style:font-name-complex="Arial1"/></style:style><style:style style:name="ce12" style:family="table-cell" style:parent-style-name="Default"><style:table-cell-properties fo:background-color="#000000" style:text-align-source="fix" style:repeat-content="false" fo:border="0.0008in solid #000000"/><style:paragraph-properties fo:text-align="center" fo:margin-left="0in"/><style:text-properties fo:color="#ffffff"/></style:style><style:style style:name="ce13" style:family="table-cell" style:parent-style-name="Default"><style:table-cell-properties fo:background-color="#000000" style:text-align-source="fix" style:repeat-content="false" style:direction="ltr"/><style:paragraph-properties fo:text-align="center" fo:margin-left="0in"/><style:text-properties fo:color="#ffffff"/></style:style><style:style style:name="ce14" style:family="table-cell" style:parent-style-name="Default"><style:table-cell-properties style:text-align-source="fix" style:repeat-content="false" style:direction="ltr"/><style:paragraph-properties fo:text-align="center" fo:margin-left="0in"/></style:style></office:automatic-styles>

<office:body>

<office:spreadsheet>

<!-- This is the sheet containing the summary tables -->

<!-- Header -->
<table:table id="summarySheet" table:name="Test" table:style-name="ta1" table:print="false">

<!-- This is the header of the spreadsheet -->
<table:table-column table:style-name="co1" table:default-cell-style-name="ce3"/><table:table-column table:style-name="co1" table:number-columns-repeated="2" table:default-cell-style-name="ce4"/><table:table-column table:style-name="co1" table:default-cell-style-name="ce5"/><table:table-row table:style-name="ro1"><table:table-cell table:style-name="ce1" office:value-type="string" table:number-columns-spanned="4" table:number-rows-spanned="1"><text:p id="summary_title_text">Summary Tables</text:p></table:table-cell><table:covered-table-cell table:number-columns-repeated="3" table:style-name="Default"/></table:table-row>

<!-- This table gives the time summary of the expenditures and budgets -->
<table:table-row table:style-name="ro2"><table:table-cell table:style-name="Default" table:number-columns-repeated="4"/></table:table-row><table:table-row table:style-name="ro2"><table:table-cell table:style-name="ce2" office:value-type="string" table:number-columns-spanned="4" table:number-rows-spanned="1"><text:p id="time_summary_header_text">Expenditures by Year</text:p></table:table-cell><table:covered-table-cell table:number-columns-repeated="3" table:style-name="ce2"/></table:table-row><table:table-row table:style-name="ro2"><table:table-cell office:value-type="string"><text:p>Year</text:p></table:table-cell><table:table-cell table:style-name="ce3" office:value-type="string"><text:p>Spent</text:p></table:table-cell><table:table-cell table:style-name="ce3" office:value-type="string"><text:p>Budget</text:p></table:table-cell><table:table-cell table:style-name="ce3" office:value-type="string"><text:p>Remaining</text:p></table:table-cell></table:table-row>

<!-- Here is the total row -->
<table:table-row table:style-name="ro2"><table:table-cell office:value-type="string" office:value="2019"><text:p>2019</text:p></table:table-cell><table:table-cell office:value-type="float" office:value="1.0"><text:p>2019</text:p></table:table-cell><table:table-cell office:value-type="float" office:value="1.0"><text:p>2019</text:p></table:table-cell><table:table-cell office:value-type="float" office:value="0.0"><text:p>2019</text:p></table:table-cell></table:table-row><table:table-row id="time_summary_total_row" table:style-name="ro2"><table:table-cell office:value-type="string"><text:p>Total</text:p></table:table-cell><table:table-cell table:style-name="ce5" table:formula="of:=SUM([.B5:.B6])" office:value-type="currency" office:currency="USD" office:value="2"><text:p>$2.00</text:p></table:table-cell><table:table-cell table:style-name="ce5" table:formula="of:=SUM([.C5:.C6])" office:value-type="currency" office:currency="USD" office:value="2"><text:p>$2.00</text:p></table:table-cell><table:table-cell table:formula="of:=SUM([.D5:.D6])" office:value-type="currency" office:currency="USD" office:value="0"><text:p>$0.00</text:p></table:table-cell></table:table-row><table:table-row table:style-name="ro2"><table:table-cell table:style-name="Default" table:number-columns-repeated="4"/></table:table-row>

<!-- This table gives the category summary of the expenditures and budgets -->
<table:table-row table:style-name="ro2"><table:table-cell table:style-name="ce2" office:value-type="string" table:number-columns-spanned="4" table:number-rows-spanned="1"><text:p id="category_summary_header_text">Expenditures by Category</text:p></table:table-cell><table:covered-table-cell table:number-columns-repeated="2" table:style-name="ce5"/><table:covered-table-cell/></table:table-row><table:table-row table:style-name="ro2"><table:table-cell office:value-type="string"><text:p>Category</text:p></table:table-cell><table:table-cell table:style-name="ce3" office:value-type="string"><text:p>Spent</text:p></table:table-cell><table:table-cell table:style-name="ce3" office:value-type="string"><text:p>Budget</text:p></table:table-cell><table:table-cell table:style-name="ce3" office:value-type="string"><text:p>Remaining</text:p></table:table-cell></table:table-row>

<!-- Here is the total row -->
<table:table-row table:style-name="ro2"><table:table-cell office:value-type="string"><text:p>Total</text:p></table:table-cell><table:table-cell table:style-name="ce5" table:formula="of:=SUM([.B11:.B13])" office:value-type="currency" office:currency="USD" office:value="3"><text:p>$3.00</text:p></table:table-cell><table:table-cell table:style-name="ce5" table:formula="of:=SUM([.C11:.C13])" office:value-type="currency" office:currency="USD" office:value="3"><text:p>$3.00</text:p></table:table-cell><table:table-cell table:formula="of:=SUM([.D11:.D13])" office:value-type="currency" office:currency="USD" office:value="0"><text:p>$0.00</text:p></table:table-cell></table:table-row>

<!-- Charts and graphs go here -->

</table:table>

<!-- This is the sheet containing the individual expenditures -->

<!-- Header -->
<table:table table:name="Expenditures" table:style-name="ta1" table:print="false"><table:table-column table:style-name="co1" table:default-cell-style-name="ce9"/><table:table-column table:style-name="co1" table:default-cell-style-name="ce4"/><table:table-column table:style-name="co1" table:number-columns-repeated="3" table:default-cell-style-name="ce5"/><table:table-row table:style-name="ro1"><table:table-cell table:style-name="ce6" office:value-type="string" table:number-columns-spanned="5" table:number-rows-spanned="1"><text:p>Total Expenditures</text:p></table:table-cell><table:covered-table-cell table:number-columns-repeated="4" table:style-name="ce10"/></table:table-row><table:table-row table:style-name="ro2"><table:table-cell table:style-name="ce7" table:number-columns-repeated="5"/></table:table-row>

<!-- 2018 -->
<table:table-row table:style-name="ro2"><table:table-cell table:style-name="ce8" office:value-type="float" office:value="2018" table:number-columns-spanned="5" table:number-rows-spanned="1"><text:p>2018</text:p></table:table-cell><table:covered-table-cell table:number-columns-repeated="4" table:style-name="ce7"/></table:table-row><table:table-row table:style-name="ro2"><table:table-cell table:style-name="ce3" office:value-type="string"><text:p>Date</text:p></table:table-cell><table:table-cell table:style-name="ce3" office:value-type="string"><text:p>Amount</text:p></table:table-cell><table:table-cell table:style-name="ce3" office:value-type="string"><text:p>Conversion</text:p></table:table-cell><table:table-cell table:style-name="ce3" office:value-type="string"><text:p>Category</text:p></table:table-cell><table:table-cell table:style-name="ce3" office:value-type="string"><text:p>Note</text:p></table:table-cell></table:table-row>
<!-- 2018 content -->
<table:table-row table:style-name="ro2"><table:table-cell office:value-type="date" office:date-value="2018-01-01"><text:p>01/01/18</text:p></table:table-cell><table:table-cell office:value-type="currency" office:currency="USD" office:value="1"><text:p>$1.00</text:p></table:table-cell><table:table-cell/><table:table-cell office:value-type="string"><text:p>Food</text:p></table:table-cell><table:table-cell/></table:table-row><table:table-row table:style-name="ro2"><table:table-cell office:value-type="date" office:date-value="2018-01-01"><text:p>01/01/18</text:p></table:table-cell><table:table-cell office:value-type="currency" office:currency="USD" office:value="1"><text:p>$1.00</text:p></table:table-cell><table:table-cell table:style-name="ce11" office:value-type="string"><text:p>₩1 @ 1000.00</text:p></table:table-cell><table:table-cell office:value-type="string"><text:p>Travel</text:p></table:table-cell><table:table-cell office:value-type="string"><text:p>This is a note</text:p></table:table-cell></table:table-row><table:table-row table:style-name="ro2"><table:table-cell office:value-type="date" office:date-value="2018-01-01"><text:p>01/01/18</text:p></table:table-cell><table:table-cell office:value-type="currency" office:currency="USD" office:value="1"><text:p>$1.00</text:p></table:table-cell><table:table-cell/><table:table-cell office:value-type="string"><text:p>Travel</text:p></table:table-cell><table:table-cell/></table:table-row><table:table-row table:style-name="ro2"><table:table-cell office:value-type="date" office:date-value="2018-01-01"><text:p>01/01/18</text:p></table:table-cell><table:table-cell office:value-type="currency" office:currency="USD" office:value="1"><text:p>$1.00</text:p></table:table-cell><table:table-cell/><table:table-cell office:value-type="string"><text:p>Other</text:p></table:table-cell><table:table-cell/></table:table-row><table:table-row table:style-name="ro2"><table:table-cell table:style-name="Default" table:number-columns-repeated="5"/></table:table-row>

<!-- 2019 -->
<table:table-row table:style-name="ro2"><table:table-cell table:style-name="ce8" office:value-type="float" office:value="2019" table:number-columns-spanned="5" table:number-rows-spanned="1"><text:p>2019</text:p></table:table-cell><table:covered-table-cell table:number-columns-repeated="4" table:style-name="ce7"/></table:table-row><table:table-row table:style-name="ro2"><table:table-cell table:style-name="ce3" office:value-type="string"><text:p>Date</text:p></table:table-cell><table:table-cell table:style-name="ce3" office:value-type="string"><text:p>Amount</text:p></table:table-cell><table:table-cell table:style-name="ce3" office:value-type="string"><text:p>Conversion</text:p></table:table-cell><table:table-cell table:style-name="ce3" office:value-type="string"><text:p>Category</text:p></table:table-cell><table:table-cell table:style-name="ce3" office:value-type="string"><text:p>Note</text:p></table:table-cell></table:table-row>
<!-- 2019 content -->
<table:table-row table:style-name="ro2"><table:table-cell office:value-type="date" office:date-value="2018-01-01"><text:p>01/01/18</text:p></table:table-cell><table:table-cell office:value-type="currency" office:currency="USD" office:value="1"><text:p>$1.00</text:p></table:table-cell><table:table-cell/><table:table-cell office:value-type="string"><text:p>Food</text:p></table:table-cell><table:table-cell/></table:table-row><table:table-row table:style-name="ro2"><table:table-cell office:value-type="date" office:date-value="2018-01-01"><text:p>01/01/18</text:p></table:table-cell><table:table-cell office:value-type="currency" office:currency="USD" office:value="1"><text:p>$1.00</text:p></table:table-cell><table:table-cell table:style-name="ce11" office:value-type="string"><text:p>₩1 @ 1000.00</text:p></table:table-cell><table:table-cell office:value-type="string"><text:p>Travel</text:p></table:table-cell><table:table-cell office:value-type="string"><text:p>This is a note</text:p></table:table-cell></table:table-row><table:table-row table:style-name="ro2"><table:table-cell office:value-type="date" office:date-value="2018-01-01"><text:p>01/01/18</text:p></table:table-cell><table:table-cell office:value-type="currency" office:currency="USD" office:value="1"><text:p>$1.00</text:p></table:table-cell><table:table-cell/><table:table-cell office:value-type="string"><text:p>Travel</text:p></table:table-cell><table:table-cell/></table:table-row><table:table-row table:style-name="ro2"><table:table-cell office:value-type="date" office:date-value="2018-01-01"><text:p>01/01/18</text:p></table:table-cell><table:table-cell office:value-type="currency" office:currency="USD" office:value="1"><text:p>$1.00</text:p></table:table-cell><table:table-cell/><table:table-cell office:value-type="string"><text:p>Other</text:p></table:table-cell><table:table-cell/></table:table-row>

</table:table>

<!-- This is the sheet containing the individual budgets -->

<!-- Header -->
<table:table table:name="Budgets" table:style-name="ta1" table:print="false"><table:table-column table:style-name="co1" table:default-cell-style-name="ce9"/><table:table-column table:style-name="co1" table:default-cell-style-name="ce4"/><table:table-column table:style-name="co1" table:number-columns-repeated="2" table:default-cell-style-name="ce5"/><table:table-column table:style-name="co1" table:default-cell-style-name="Default"/><table:table-row table:style-name="ro1"><table:table-cell table:style-name="ce1" office:value-type="string" table:number-columns-spanned="4" table:number-rows-spanned="1"><text:p>Total Budgets</text:p></table:table-cell><table:covered-table-cell table:number-columns-repeated="3" table:style-name="Default"/><table:table-cell/></table:table-row><table:table-row table:style-name="ro2"><table:table-cell table:style-name="Default" table:number-columns-repeated="4"/><table:table-cell/></table:table-row>

<!-- 2018 -->
<table:table-row table:style-name="ro2"><table:table-cell table:style-name="ce12" office:value-type="float" office:value="2018" table:number-columns-spanned="4" table:number-rows-spanned="1"><text:p>2018</text:p></table:table-cell><table:covered-table-cell table:style-name="ce5"/><table:covered-table-cell table:number-columns-repeated="2"/><table:table-cell/></table:table-row><table:table-row table:style-name="ro2"><table:table-cell table:style-name="ce3" office:value-type="string"><text:p>Date</text:p></table:table-cell><table:table-cell table:style-name="ce3" office:value-type="string"><text:p>Amount</text:p></table:table-cell><table:table-cell table:style-name="ce3" office:value-type="string"><text:p>Category</text:p></table:table-cell><table:table-cell table:style-name="ce3" office:value-type="string"><text:p>Note</text:p></table:table-cell><table:table-cell/></table:table-row>
<!-- 2018 content -->
<table:table-row table:style-name="ro2"><table:table-cell office:value-type="date" office:date-value="2018-01-01"><text:p>01/01/18</text:p></table:table-cell><table:table-cell office:value-type="currency" office:currency="USD" office:value="1"><text:p>$1.00</text:p></table:table-cell><table:table-cell office:value-type="string"><text:p>Food</text:p></table:table-cell><table:table-cell table:number-columns-repeated="2"/></table:table-row><table:table-row table:style-name="ro2"><table:table-cell office:value-type="date" office:date-value="2018-01-01"><text:p>01/01/18</text:p></table:table-cell><table:table-cell office:value-type="currency" office:currency="USD" office:value="1"><text:p>$1.00</text:p></table:table-cell><table:table-cell office:value-type="string"><text:p>Travel</text:p></table:table-cell><table:table-cell office:value-type="string"><text:p>This is a note</text:p></table:table-cell><table:table-cell/></table:table-row><table:table-row table:style-name="ro2"><table:table-cell office:value-type="date" office:date-value="2018-01-01"><text:p>01/01/18</text:p></table:table-cell><table:table-cell office:value-type="currency" office:currency="USD" office:value="1"><text:p>$1.00</text:p></table:table-cell><table:table-cell office:value-type="string"><text:p>Travel</text:p></table:table-cell><table:table-cell table:number-columns-repeated="2"/></table:table-row><table:table-row table:style-name="ro2"><table:table-cell office:value-type="date" office:date-value="2018-01-01"><text:p>01/01/18</text:p></table:table-cell><table:table-cell office:value-type="currency" office:currency="USD" office:value="1"><text:p>$1.00</text:p></table:table-cell><table:table-cell office:value-type="string"><text:p>Other</text:p></table:table-cell><table:table-cell table:number-columns-repeated="2"/></table:table-row><table:table-row table:style-name="ro2"><table:table-cell table:style-name="Default" table:number-columns-repeated="4"/><table:table-cell/></table:table-row>

<!-- 2019 -->
<table:table-row table:style-name="ro2"><table:table-cell table:style-name="ce13" office:value-type="float" office:value="2019" table:number-columns-spanned="4" table:number-rows-spanned="1"><text:p>2019</text:p></table:table-cell><table:covered-table-cell table:number-columns-repeated="3" table:style-name="ce14"/><table:table-cell table:style-name="ce7"/></table:table-row><table:table-row table:style-name="ro2"><table:table-cell table:style-name="ce3" office:value-type="string"><text:p>Date</text:p></table:table-cell><table:table-cell table:style-name="ce3" office:value-type="string"><text:p>Amount</text:p></table:table-cell><table:table-cell table:style-name="ce3" office:value-type="string"><text:p>Category</text:p></table:table-cell><table:table-cell table:style-name="ce3" office:value-type="string"><text:p>Note</text:p></table:table-cell><table:table-cell/></table:table-row>
<!-- 2019 content -->
<table:table-row table:style-name="ro2"><table:table-cell office:value-type="date" office:date-value="2018-01-01"><text:p>01/01/18</text:p></table:table-cell><table:table-cell office:value-type="currency" office:currency="USD" office:value="1"><text:p>$1.00</text:p></table:table-cell><table:table-cell office:value-type="string"><text:p>Food</text:p></table:table-cell><table:table-cell table:number-columns-repeated="2"/></table:table-row><table:table-row table:style-name="ro2"><table:table-cell office:value-type="date" office:date-value="2018-01-01"><text:p>01/01/18</text:p></table:table-cell><table:table-cell office:value-type="currency" office:currency="USD" office:value="1"><text:p>$1.00</text:p></table:table-cell><table:table-cell office:value-type="string"><text:p>Travel</text:p></table:table-cell><table:table-cell office:value-type="string"><text:p>This is a note</text:p></table:table-cell><table:table-cell/></table:table-row><table:table-row table:style-name="ro2"><table:table-cell office:value-type="date" office:date-value="2018-01-01"><text:p>01/01/18</text:p></table:table-cell><table:table-cell office:value-type="currency" office:currency="USD" office:value="1"><text:p>$1.00</text:p></table:table-cell><table:table-cell office:value-type="string"><text:p>Travel</text:p></table:table-cell><table:table-cell table:number-columns-repeated="2"/></table:table-row><table:table-row table:style-name="ro2"><table:table-cell office:value-type="date" office:date-value="2018-01-01"><text:p>01/01/18</text:p></table:table-cell><table:table-cell office:value-type="currency" office:currency="USD" office:value="1"><text:p>$1.00</text:p></table:table-cell><table:table-cell office:value-type="string"><text:p>Other</text:p></table:table-cell><table:table-cell table:number-columns-repeated="2"/></table:table-row>

</table:table>

</office:spreadsheet>

</office:body>

</office:document-content>