<?xml version="1.0" encoding="UTF-8"?>
<office:document-meta xmlns:office="urn:oasis:names:tc:opendocument:xmlns:office:1.0" xmlns:xlink="http://www.w3.org/1999/xlink" xmlns:dc="http://purl.org/dc/elements/1.1/" xmlns:meta="urn:oasis:names:tc:opendocument:xmlns:meta:1.0" xmlns:ooo="http://openoffice.org/2004/office" xmlns:grddl="http://www.w3.org/2003/g/data-view#" office:version="1.2"><office:meta><meta:creation-date>2019-09-19T11:02:10.42</meta:creation-date><dc:date>2019-09-19T11:39:11.16</dc:date><meta:editing-duration>PT6M21S</meta:editing-duration><meta:editing-cycles>1</meta:editing-cycles><meta:document-statistic meta:table-count="3" meta:cell-count="117" meta:object-count="0"/><meta:generator>OpenOffice/4.1.6$Win32 OpenOffice.org_project/416m1$Build-9790</meta:generator></office:meta></office:document-meta>